date,dis24_Noonkhawa,dis24_Chilmari,dis24_Bahadurabad,dis24_Sariakandi,dis24_Kazipur,dis24_Serajganj,dis24_Aricha
2016-01-01,3986.7417,4366.728515625,4589.5263671875,4640.05517578125,4657.02294921875,4668.60009765625,4736.56787109375
2016-01-02,3963.9116,4343.78125,4544.919921875,4580.03173828125,4591.720703125,4599.59228515625,4656.97314453125
2016-01-03,3923.4646,4322.1513671875,4509.1787109375,4534.6875,4542.14697265625,4546.10791015625,4588.5966796875
2016-01-04,3866.4355,4295.29736328125,4476.59716796875,4498.45703125,4503.990234375,4506.525390625,4535.49267578125
2016-01-05,3796.735,4254.78564453125,4441.28515625,4464.91552734375,4470.1474609375,4472.04736328125,4494.05078125
2016-01-06,3716.5742,4193.15283203125,4395.9697265625,4427.27685546875,4433.8740234375,4436.41064453125,4457.47265625
2016-01-07,3628.082,4111.56591796875,4334.98974609375,4378.92724609375,4388.55126953125,4393.1064453125,4419.267578125
2016-01-08,3535.1748,4016.513671875,4257.841796875,4315.93017578125,4329.65478515625,4337.4501953125,4373.513671875
2016-01-09,3444.1077,3916.353271484375,4168.72509765625,4238.390625,4256.0390625,4267.123046875,4315.892578125
2016-01-10,3361.013,3819.40869140625,4074.25244140625,4150.66796875,4171.11279296875,4184.75341796875,4244.90283203125
2016-01-11,3288.4192,3733.933349609375,3980.80517578125,4058.319580078125,4079.9912109375,4094.885986328125,4162.84228515625
2016-01-12,3225.9666,3667.310791015625,3894.945068359375,3966.956787109375,3987.866455078125,4002.19970703125,4073.58837890625
2016-01-13,3172.6648,3617.050048828125,3823.62060546875,3883.77685546875,3902.03662109375,3914.8984375,3983.09375
2016-01-14,3126.4465,3570.0048828125,3768.26220703125,3814.627197265625,3828.928955078125,3838.864990234375,3898.52734375
2016-01-15,3085.2417,3517.63525390625,3722.30615234375,3759.219482421875,3769.849853515625,3776.605224609375,3824.43896484375
2016-01-16,3049.0632,3463.031005859375,3677.58447265625,3711.86328125,3720.571044921875,3725.41455078125,3762.679931640625
2016-01-17,3020.881,3413.573974609375,3630.5732421875,3666.122802734375,3674.632080078125,3679.068359375,3710.738037109375
2016-01-18,3003.305,3374.436279296875,3583.447509765625,3619.383544921875,3628.19580078125,3632.919677734375,3663.577880859375
2016-01-19,2996.8555,3348.88720703125,3540.71435546875,3573.015625,3581.314697265625,3585.654296875,3616.963134765625
2016-01-20,2998.0332,3336.911376953125,3508.968017578125,3531.805908203125,3538.104736328125,3541.250732421875,3570.289306640625
2016-01-21,3002.5154,3334.27099609375,3493.7119140625,3502.93896484375,3505.981689453125,3507.67529296875,3529.051025390625
2016-01-22,3005.1433,3341.326904296875,3493.470947265625,3489.030517578125,3488.028076171875,3486.544677734375,3498.08349609375
2016-01-23,3002.515,3363.457763671875,3506.07373046875,3488.278076171875,3483.010986328125,3477.79931640625,3477.372802734375
2016-01-24,2995.8633,3395.139404296875,3532.9951171875,3500.9130859375,3491.327392578125,3482.724365234375,3468.6484375
2016-01-25,2988.794,3418.636962890625,3573.234375,3528.074951171875,3514.160400390625,3502.09912109375,3473.665283203125
2016-01-26,2983.6023,3422.970458984375,3617.22216796875,3566.677490234375,3549.66796875,3534.694091796875,3492.952392578125
2016-01-27,2979.9888,3410.468017578125,3650.984619140625,3607.558837890625,3590.569580078125,3574.9453125,3524.63232421875
2016-01-28,2976.3875,3388.110595703125,3662.6708984375,3637.48095703125,3624.213623046875,3610.404296875,3562.131591796875
2016-01-29,2972.1814,3363.76904296875,3650.991455078125,3647.178955078125,3640.0556640625,3631.2998046875,3595.318115234375
2016-01-30,2966.389,3343.30712890625,3623.23828125,3636.154296875,3634.990234375,3631.088623046875,3614.078857421875
2016-01-31,2957.739,3327.28759765625,3588.960205078125,3610.090087890625,3612.82568359375,3612.51220703125,3613.0595703125
2016-02-01,2945.2585,3313.26220703125,3556.711669921875,3577.931884765625,3581.972412109375,3583.370361328125,3595.7763671875
2016-02-02,2926.7488,3296.55224609375,3527.626220703125,3542.1298828125,3544.4423828125,3544.90380859375,3563.0927734375
2016-02-03,2901.1116,3273.81982421875,3497.145751953125,3509.815673828125,3510.01123046875,3508.599365234375,3522.04296875
2016-02-04,2871.1453,3247.9990234375,3462.157958984375,3477.95361328125,3478.3505859375,3476.899658203125,3485.155029296875
2016-02-05,2842.1885,3226.910400390625,3424.230224609375,3442.58740234375,3443.853515625,3442.8642578125,3451.94873046875
2016-02-06,2819.8196,3218.988525390625,3391.30224609375,3405.824462890625,3406.863525390625,3405.898681640625,3417.103271484375
2016-02-07,2809.3914,3220.968994140625,3373.09716796875,3375.120361328125,3373.752685546875,3371.339599609375,3380.58740234375
2016-02-08,2815.346,3222.3837890625,3373.65283203125,3358.781982421875,3353.012939453125,3347.809814453125,3347.992919921875
2016-02-09,2836.1277,3221.43798828125,3385.14697265625,3358.130615234375,3347.55322265625,3337.83447265625,3325.24365234375
2016-02-10,2866.633,3227.502197265625,3399.1025390625,3368.166015625,3355.46728515625,3345.005126953125,3317.6064453125
2016-02-11,2902.8518,3252.9228515625,3412.99462890625,3381.541015625,3368.152587890625,3355.810791015625,3323.33935546875
2016-02-12,2944.7703,3305.953125,3433.886474609375,3396.103271484375,3381.619140625,3368.742919921875,3332.59814453125
2016-02-13,2995.656,3383.82568359375,3473.102783203125,3419.721435546875,3402.157958984375,3387.601318359375,3346.709228515625
2016-02-14,3054.3928,3472.879638671875,3535.739990234375,3460.603759765625,3437.018310546875,3417.424072265625,3365.724365234375
2016-02-15,3114.1465,3554.112548828125,3618.43994140625,3522.992919921875,3492.670166015625,3467.640869140625,3396.56640625
2016-02-16,3169.5342,3612.15869140625,3707.98876953125,3604.085693359375,3569.103759765625,3540.2841796875,3448.343017578125
2016-02-17,3222.866,3648.645751953125,3782.95654296875,3689.273681640625,3654.171630859375,3623.425048828125,3519.3515625
2016-02-18,3289.5212,3681.9677734375,3832.324951171875,3760.127685546875,3729.990478515625,3702.48291015625,3599.34814453125
2016-02-19,3394.097,3735.769287109375,3865.236328125,3809.54443359375,3785.47802734375,3762.776611328125,3674.107421875
2016-02-20,3547.025,3825.86279296875,3903.94873046875,3846.5869140625,3825.00244140625,3805.1748046875,3732.836181640625
2016-02-21,3727.8044,3954.797119140625,3969.5048828125,3891.148681640625,3866.02880859375,3844.150390625,3776.611083984375
2016-02-22,3904.174,4111.5986328125,4072.5732421875,3962.063720703125,3928.623779296875,3900.78173828125,3818.892333984375
2016-02-23,4074.2073,4289.56494140625,4212.1201171875,4069.1396484375,4025.7041015625,3990.510498046875,3881.141845703125
2016-02-24,4267.8115,4500.958984375,4387.75244140625,4213.79296875,4160.73046875,4117.72802734375,3976.630126953125
2016-02-25,4505.5933,4758.9580078125,4610.5517578125,4397.91845703125,4334.1748046875,4282.50244140625,4108.931640625
2016-02-26,4755.2295,5061.1669921875,4896.97021484375,4634.87646484375,4557.39306640625,4496.46044921875,4284.2099609375
2016-02-27,4952.3506,5347.36767578125,5233.57763671875,4933.86279296875,4841.966796875,4768.7255859375,4511.4990234375
2016-02-28,5067.0093,5535.74755859375,5549.8447265625,5267.1435546875,5171.8466796875,5093.35546875,4796.5546875
2016-02-29,5120.6953,5610.857421875,5765.044921875,5561.302734375,5482.3056640625,5413.26953125,5121.357421875
2016-03-01,5143.6226,5611.15234375,5855.54443359375,5741.87353515625,5688.3427734375,5639.39599609375,5410.78759765625
2016-03-02,5137.182,5579.28515625,5854.94775390625,5812.060546875,5781.7158203125,5752.55322265625,5598.60400390625
2016-03-03,5098.9604,5532.96142578125,5809.63671875,5806.689453125,5793.45703125,5778.8935546875,5696.373046875
2016-03-04,5071.176,5475.4140625,5744.23876953125,5760.25830078125,5754.93896484375,5748.53369140625,5714.45947265625
2016-03-05,5151.233,5438.68359375,5670.8154296875,5693.87646484375,5692.38671875,5688.60107421875,5678.0654296875
2016-03-06,5435.463,5505.935546875,5622.1328125,5626.04736328125,5622.3642578125,5617.82763671875,5612.13525390625
2016-03-07,5897.641,5774.34326171875,5672.6162109375,5603.02685546875,5585.27001953125,5571.9609375,5547.66357421875
2016-03-08,6341.8027,6237.47265625,5907.65869140625,5698.3056640625,5646.17138671875,5608.78662109375,5519.453125
2016-03-09,6575.0044,6724.3857421875,6335.09912109375,5979.912109375,5881.0009765625,5806.83837890625,5590.59326171875
2016-03-10,6570.7993,7036.75439453125,6816.39013671875,6419.09130859375,6290.6044921875,6188.16796875,5831.6162109375
2016-03-11,6409.82,7111.0244140625,7156.82373046875,6859.625,6744.2734375,6645.79296875,6234.47802734375
2016-03-12,6173.54,7006.529296875,7267.89306640625,7135.7763671875,7065.541015625,6999.2958984375,6664.29296875
2016-03-13,5914.3354,6814.74169921875,7187.80615234375,7195.115234375,7172.03125,7143.751953125,6956.61279296875
2016-03-14,5670.923,6604.90234375,7004.140625,7092.15771484375,7101.28076171875,7101.71044921875,7052.3076171875
2016-03-15,5495.4023,6426.349609375,6793.5810546875,6911.31884765625,6936.5439453125,6952.60107421875,6993.70849609375
2016-03-16,5427.434,6316.638671875,6606.18310546875,6710.740234375,6736.564453125,6755.07421875,6835.05419921875
2016-03-17,5454.0806,6263.17333984375,6476.3486328125,6539.07080078125,6555.37890625,6567.66064453125,6639.0361328125
2016-03-18,5501.0415,6231.3779296875,6407.6875,6426.85986328125,6429.64501953125,6431.732421875,6469.71630859375
2016-03-19,5484.1465,6190.60498046875,6374.2236328125,6364.91455078125,6356.62890625,6348.4365234375,6345.9296875
2016-03-20,5388.292,6112.4853515625,6342.76611328125,6331.02978515625,6318.857421875,6307.02734375,6275.8251953125
2016-03-21,5268.416,6002.287109375,6281.3486328125,6292.0185546875,6284.3935546875,6276.6494140625,6248.0087890625
2016-03-22,5205.5796,5921.13037109375,6190.90771484375,6224.33984375,6224.404296875,6221.25732421875,6204.64013671875
2016-03-23,5298.904,5966.05517578125,6119.1064453125,6137.62890625,6137.83251953125,6135.48291015625,6127.0888671875
2016-03-24,5711.317,6233.2626953125,6158.138671875,6095.00732421875,6079.68505859375,6068.1962890625,6047.6513671875
2016-03-25,6567.35,6743.4609375,6403.95361328125,6188.98486328125,6136.03076171875,6097.8916015625,6008.72314453125
2016-03-26,7717.9136,7492.15087890625,6902.09814453125,6500.42138671875,6393.17138671875,6313.83837890625,6084.1865234375
2016-03-27,8808.417,8436.4130859375,7661.6728515625,7078.7177734375,6913.0078125,6786.5390625,6368.90185546875
2016-03-28,9542.265,9370.0888671875,8610.1259765625,7915.9677734375,7704.49462890625,7539.2314453125,6935.60205078125
2016-03-29,9793.963,10042.9013671875,9535.69921875,8884.3095703125,8667.296875,8492.041015625,7778.240234375
2016-03-30,9703.551,10386.2080078125,10204.8466796875,9741.828125,9570.1201171875,9424.427734375,8754.640625
2016-03-31,9654.734,10613.67578125,10581.515625,10308.2763671875,10200.17578125,10105.6337890625,9619.4345703125
2016-04-01,9675.803,10811.8837890625,10854.880859375,10670.2548828125,10614.3037109375,10584.09765625,10238.1279296875
2016-04-02,9430.484,10856.748046875,11075.8603515625,10945.2529296875,10913.0947265625,10904.3642578125,10713.6689453125
2016-04-03,8990.89,10618.576171875,11128.73828125,11103.73046875,11093.5390625,11091.962890625,11020.9052734375
2016-04-04,8594.035,10148.275390625,10905.125,11035.5673828125,11068.60546875,11096.9990234375,11162.37109375
2016-04-05,8293.937,9647.208984375,10476.49609375,10726.4326171875,10798.09375,10856.716796875,11085.880859375
2016-04-06,8066.833,9261.84765625,10013.4736328125,10280.158203125,10366.1669921875,10438.3359375,10806.32421875
2016-04-07,7926.0723,9051.5361328125,9650.86328125,9853.8525390625,9923.5537109375,9982.5712890625,10377.8740234375
2016-04-08,7891.118,8997.64453125,9448.2353515625,9538.794921875,9580.458984375,9618.0400390625,9919.7734375
2016-04-09,7973.119,9040.314453125,9414.2685546875,9391.7841796875,9397.5068359375,9406.3642578125,9567.537109375
2016-04-10,8177.1807,9108.712890625,9474.0712890625,9386.8544921875,9366.9462890625,9353.216796875,9361.8798828125
2016-04-11,8484.567,9212.5712890625,9543.1044921875,9449.15625,9419.7041015625,9395.1728515625,9312.62890625
2016-04-12,8896.3955,9400.8330078125,9625.5537109375,9516.3134765625,9484.845703125,9458.908203125,9336.849609375
2016-04-13,9433.815,9720.66015625,9780.8330078125,9619.626953125,9577.107421875,9543.48046875,9389.298828125
2016-04-14,10223.071,10226.0322265625,10071.5537109375,9826.1484375,9759.7919921875,9708.2529296875,9496.08203125
2016-04-15,11679.778,11085.4091796875,10588.3681640625,10199.8759765625,10097.3408203125,10019.060546875,9710.6220703125
2016-04-16,14436.753,12779.810546875,11582.0634765625,10911.794921875,10737.2880859375,10605.7421875,10123.56640625
2016-04-17,17972.81,15767.8408203125,13594.416015625,12346.23828125,12022.0322265625,11781.0830078125,10957.9052734375
2016-04-18,20679.115,19236.380859375,16859.806640625,15023.5869140625,14498.1650390625,14094.5439453125,12649.1826171875
2016-04-19,21713.87,21582.685546875,20158.37890625,18513.26171875,17972.55859375,17526.314453125,15627.7841796875
2016-04-20,21815.047,22460.25390625,22124.8359375,21229.0625,20894.390625,20605.875,19089.94140625
2016-04-21,22013.17,22769.27734375,22922.220703125,22544.744140625,22399.61328125,22269.82421875,21461.3203125
2016-04-22,22754.18,23268.388671875,23443.626953125,23147.625,23059.013671875,22986.375,22552.037109375
2016-04-23,23830.81,24167.541015625,24182.0625,23785.93359375,23674.3203125,23586.74609375,23175.6484375
2016-04-24,24814.203,25242.634765625,25180.40625,24675.171875,24528.736328125,24414.302734375,23908.767578125
2016-04-25,25457.379,26151.42578125,26203.408203125,25704.36328125,25551.99609375,25427.73828125,24847.962890625
2016-04-26,25583.535,26606.40625,26933.3046875,26580.138671875,26460.013671875,26358.451171875,25832.12890625
2016-04-27,25286.828,26495.29296875,27145.763671875,27033.18359375,26979.28515625,26928.21484375,26578.58203125
2016-04-28,24973.885,26068.94921875,26872.939453125,26963.255859375,26977.083984375,26981.01953125,26862.71484375
2016-04-29,25113.266,25775.896484375,26428.248046875,26565.013671875,26606.49609375,26636.779296875,26673.51171875
2016-04-30,26127.088,26099.09765625,26281.013671875,26257.36328125,26266.078125,26275.015625,26283.15234375
2016-05-01,28066.145,27375.98046875,26886.10546875,26481.267578125,26395.017578125,26335.50390625,26011.46875
2016-05-02,30142.01,29372.404296875,28425.90625,27617.521484375,27401.603515625,27239.736328125,26478.29296875
2016-05-03,31161.596,31076.603515625,30348.169921875,29498.96484375,29234.66796875,29021.654296875,28011.998046875
2016-05-04,30908.607,31599.607421875,31583.03125,31065.091796875,30885.37890625,30734.080078125,29885.654296875
2016-05-05,30394.828,31230.439453125,31699.341796875,31619.416015625,31573.0546875,31528.04296875,31053.201171875
2016-05-06,30363.893,30930.337890625,31345.126953125,31416.314453125,31436.357421875,31452.392578125,31292.6953125
2016-05-07,30413.277,31031.587890625,31237.8046875,31185.384765625,31182.82421875,31185.310546875,31025.3125
2016-05-08,29834.252,31001.70703125,31330.638671875,31234.046875,31206.443359375,31187.109375,30959.66796875
2016-05-09,28484.107,30308.98046875,31075.484375,31148.43359375,31160.005859375,31164.77734375,30986.15625
2016-05-10,26729.953,28944.490234375,30171.142578125,30484.345703125,30568.455078125,30630.0390625,30634.982421875
2016-05-11,24856.684,27204.484375,28762.896484375,29274.525390625,29420.22265625,29531.7421875,29748.46484375
2016-05-12,23022.033,25308.962890625,27054.767578125,27686.080078125,27874.34375,28021.1171875,28378.6875
2016-05-13,21377.361,23470.447265625,25230.10546875,25940.7265625,26165.05859375,26332.65625,26820.083984375
2016-05-14,20074.88,21909.94140625,23509.55078125,24278.123046875,24528.064453125,24697.80859375,25316.87890625
2016-05-15,19283.303,20926.591796875,22182.03125,22792.7109375,23015.05078125,23166.052734375,23757.65234375
2016-05-16,19154.123,20686.0625,21604.013671875,21875.87109375,22000.103515625,22082.771484375,22435.34765625
2016-05-17,19516.273,20992.97265625,21719.201171875,21694.65234375,21721.65625,21728.333984375,21707.982421875
2016-05-18,20630.125,21992.923828125,22467.880859375,22134.86328125,22078.76171875,22025.02734375,21689.376953125
2016-05-19,22900.174,23979.203125,24205.06640625,23410.78515625,23221.765625,23073.4921875,22418.6328125
2016-05-20,25989.967,26818.333984375,26761.072265625,25651.11328125,25344.388671875,25098.53515625,24112.990234375
2016-05-21,28195.975,29796.134765625,29742.755859375,28534.75390625,28166.0,27862.9921875,26625.48828125
2016-05-22,29043.422,31294.79296875,31981.08984375,31211.830078125,30937.130859375,30705.373046875,29670.291015625
2016-05-23,29701.809,31648.236328125,32705.69140625,32507.49609375,32411.904296875,32320.763671875,31901.759765625
2016-05-24,31200.615,32243.30859375,32918.24609375,32775.07421875,32742.587890625,32719.44140625,32666.830078125
2016-05-25,33438.78,33809.55078125,33808.16015625,33342.28125,33235.3828125,33160.1875,32949.7421875
2016-05-26,34764.93,35599.25390625,35533.5078125,34796.02734375,34590.96875,34432.796875,33806.6875
2016-05-27,34143.52,36091.109375,36911.55859375,36430.34375,36261.9375,36119.921875,35426.66015625
2016-05-28,32372.234,35096.87109375,36866.51171875,36972.60546875,36974.609375,36959.4453125,36672.109375
2016-05-29,30524.12,33474.484375,35668.96484375,36183.55078125,36333.15625,36441.8203125,36711.53515625
2016-05-30,29106.809,31820.529296875,34019.421875,34679.4375,34889.1015625,35049.10546875,35627.34375
2016-05-31,28196.62,30558.34375,32471.7265625,33071.046875,33267.95703125,33419.20703125,34035.828125
2016-06-01,27591.928,29737.740234375,31330.63671875,31726.560546875,31870.900390625,31988.05078125,32417.484375
2016-06-02,27240.621,29248.33203125,30668.392578125,30876.994140625,30957.28515625,31023.90234375,31260.2421875
2016-06-03,27074.684,28927.013671875,30327.44921875,30391.544921875,30426.64453125,30456.0,30496.537109375
2016-06-04,26898.531,28603.537109375,30011.662109375,30063.0546875,30085.99609375,30101.357421875,29994.216796875
2016-06-05,26511.732,28166.017578125,29524.421875,29642.27734375,29682.572265625,29710.240234375,29589.9453125
2016-06-06,25865.217,27565.830078125,28869.908203125,29037.74609375,29097.6953125,29141.814453125,29047.052734375
2016-06-07,25156.895,26910.986328125,28158.17578125,28386.345703125,28461.037109375,28514.765625,28508.900390625
2016-06-08,24631.688,26496.43359375,27629.44921875,27810.53515625,27878.951171875,27928.62890625,27957.517578125
2016-06-09,24530.182,27023.576171875,27649.927734375,27526.7109375,27528.052734375,27533.49609375,27412.9140625
2016-06-10,24825.713,28190.47265625,28650.32421875,28112.697265625,27983.765625,27885.86328125,27350.05078125
2016-06-11,25268.693,28392.419921875,29521.2109375,29127.564453125,28999.74609375,28886.609375,28123.462890625
2016-06-12,25379.084,28148.767578125,29662.326171875,29545.498046875,29505.259765625,29460.501953125,28918.9921875
2016-06-13,25056.527,27647.3515625,29382.380859375,29480.658203125,29506.125,29514.486328125,29404.080078125
2016-06-14,24698.623,27062.486328125,28842.3984375,29083.27734375,29151.970703125,29192.935546875,29363.103515625
2016-06-15,24650.395,26929.607421875,28350.111328125,28496.923828125,28564.005859375,28610.994140625,28897.951171875
2016-06-16,25215.652,28554.7890625,28888.166015625,28537.869140625,28485.9140625,28450.892578125,28539.64453125
2016-06-17,26424.057,32076.703125,32085.646484375,30590.044921875,30220.923828125,29950.46875,29294.640625
2016-06-18,27663.584,33392.5703125,35761.2890625,34480.93359375,34034.4453125,33667.40625,32268.341796875
2016-06-19,28912.275,33113.28125,36161.08984375,36113.28125,36042.37890625,35957.33984375,35384.6328125
2016-06-20,30432.03,33603.59765625,35660.50390625,35740.28515625,35784.08984375,35819.00390625,35950.05859375
2016-06-21,31952.291,35008.9375,36245.39453125,35908.9765625,35836.20703125,35785.203125,35679.96875
2016-06-22,34171.93,37868.828125,38251.76171875,37328.04296875,37098.65625,36926.8984375,36265.1640625
2016-06-23,38186.02,46351.01171875,44434.71875,41753.76953125,41066.890625,40555.609375,38800.42578125
2016-06-24,42162.68,54939.83203125,55014.58203125,51571.96484375,50481.6015625,49603.9140625,46102.109375
2016-06-25,44324.875,56061.26171875,59557.04296875,58675.08984375,58253.96875,57850.61328125,55531.28125
2016-06-26,45807.895,56067.88671875,59448.0703125,59524.93359375,59524.36328125,59505.265625,59161.3125
2016-06-27,47002.047,55747.34765625,59241.59375,59317.94921875,59326.984375,59327.75,59282.04296875
2016-06-28,47546.016,54606.8828125,58394.65625,58721.390625,58796.40234375,58839.21875,58924.09765625
2016-06-29,47039.543,53074.72265625,56898.15625,57386.17578125,57526.1484375,57628.265625,57937.2265625
2016-06-30,45514.01,51178.37890625,54935.00390625,55551.0390625,55733.8203125,55869.1015625,56273.5390625
2016-07-01,43738.094,49701.94921875,53057.53125,53603.90234375,53778.0390625,53913.58203125,54339.78515625
2016-07-02,42388.207,49103.76953125,52040.23828125,52300.515625,52390.42578125,52462.1171875,52653.90234375
2016-07-03,41927.484,48987.95703125,51926.0390625,51917.25,51925.28515625,51929.41015625,51874.65234375
2016-07-04,42542.613,49273.3828125,52581.5390625,52375.31640625,52316.62890625,52266.26171875,52035.3359375
2016-07-05,44565.438,50324.5703125,53425.2734375,53227.9609375,53148.265625,53076.6796875,52766.50390625
2016-07-06,48454.02,53139.8203125,55029.55859375,54517.98828125,54366.421875,54244.1171875,53816.390625
2016-07-07,54001.113,58327.3359375,58943.37109375,57681.578125,57309.72265625,57015.46875,56028.16015625
2016-07-08,58304.863,63691.45703125,64545.84375,62974.33203125,62451.48828125,62022.046875,60507.69921875
2016-07-09,57699.65,64757.55859375,67608.4453125,67094.546875,66837.2578125,66595.5078125,65602.5390625
2016-07-10,54152.914,61774.83203125,65908.859375,66690.640625,66864.8359375,66968.1796875,67310.3203125
2016-07-11,50693.227,58104.0078125,62168.34765625,63343.5078125,63690.42578125,63946.45703125,65024.7421875
2016-07-12,48059.633,55439.56640625,58958.40234375,59897.30859375,60190.0390625,60416.68359375,61427.359375
2016-07-13,45615.21,53229.1015625,56755.84765625,57454.39453125,57671.43359375,57832.9296875,58531.04296875
2016-07-14,43083.79,50571.8046875,54461.015625,55284.7890625,55530.62890625,55706.1796875,56337.8671875
2016-07-15,40964.773,47774.65234375,51728.00390625,52713.69140625,52998.43359375,53205.55859375,53946.80078125
2016-07-16,40295.56,46939.58984375,49740.6640625,50333.66796875,50541.72265625,50703.04296875,51400.2578125
2016-07-17,41824.68,48983.26953125,50551.34765625,50145.7421875,50092.40625,50055.64453125,50075.68359375
2016-07-18,44787.973,54908.109375,55835.57421875,53912.59375,53411.07421875,53018.1875,51758.91015625
2016-07-19,46623.23,57933.125,62604.4765625,60921.2578125,60331.453125,59820.40234375,57715.17578125
2016-07-20,47643.47,58262.41015625,64468.75,64519.56640625,64397.3671875,64246.98046875,63475.7265625
2016-07-21,49330.332,59866.484375,64215.89453125,64874.0078125,64918.25,64918.63671875,65216.97265625
2016-07-22,50901.367,64214.7890625,67120.7265625,66719.6015625,66496.4140625,66306.5234375,66254.09375
2016-07-23,52581.883,67506.734375,72260.75,71510.9140625,71129.2734375,70789.046875,70159.2265625
2016-07-24,56460.293,69476.5546875,75339.984375,75230.703125,75050.59375,74861.3671875,74767.109375
2016-07-25,60733.004,73710.15625,78485.296875,78103.296875,77893.15625,77693.2265625,77811.8671875
2016-07-26,63619.28,77670.71875,82238.1640625,81864.8671875,81631.359375,81406.609375,81339.03125
2016-07-27,64760.348,81182.4765625,86294.4609375,85830.3359375,85566.4921875,85319.734375,85293.6484375
2016-07-28,65317.86,79668.390625,87406.953125,88143.1796875,88173.625,88131.9453125,88785.78125
2016-07-29,66208.45,77060.609375,84171.171875,85713.4375,86059.921875,86289.2265625,88108.21875
2016-07-30,65956.49,75202.59375,80806.0390625,82190.8203125,82526.1875,82763.390625,84726.2890625
2016-07-31,63670.82,72618.7890625,77798.484375,79135.1015625,79450.8828125,79675.234375,81478.984375
2016-08-01,59937.27,68908.4375,74306.3984375,75816.1328125,76181.2109375,76445.1953125,78322.859375
2016-08-02,55689.21,64500.78125,70052.21875,71782.2734375,72216.71875,72540.359375,74631.8046875
2016-08-03,51658.754,60065.1015625,65372.45703125,67201.5,67679.5625,68044.65625,70305.8984375
2016-08-04,48071.773,56043.546875,60901.53125,62641.47265625,63103.859375,63459.984375,65719.2421875
2016-08-05,44619.145,52097.9921875,56677.34765625,58329.7421875,58775.0625,59120.3671875,61244.62890625
2016-08-06,41557.99,48468.33203125,52696.80078125,54246.9140625,54678.515625,55016.1171875,56978.4765625
2016-08-07,39222.336,45551.421875,49305.09765625,50660.6328125,51043.8671875,51352.984375,53137.9765625
2016-08-08,37717.93,43678.015625,46879.05859375,47913.9765625,48214.3515625,48461.55078125,50026.671875
2016-08-09,36645.21,42430.99609375,45407.18359375,46173.4765625,46376.65625,46542.76953125,47862.453125
2016-08-10,35619.387,41085.0625,44130.55859375,44866.42578125,45047.484375,45193.99609375,46404.5546875
2016-08-11,34678.285,39801.8984375,42734.76171875,43516.0,43727.07421875,43912.89453125,45331.6953125
2016-08-12,33792.324,38658.86328125,41400.20703125,42191.71484375,42415.36328125,42609.9375,44296.01953125
2016-08-13,33034.582,37636.3203125,40197.69140625,40940.64453125,41144.0546875,41317.2578125,43126.37890625
2016-08-14,32256.488,36658.12890625,39147.63671875,39800.6796875,39979.6640625,40132.33984375,41856.7734375
2016-08-15,31395.332,35609.359375,38101.08984375,38728.73046875,38900.95703125,39044.78125,40611.1796875
2016-08-16,30493.852,34537.6640625,36975.69140625,37592.97265625,37761.9140625,37902.78125,39350.30859375
2016-08-17,29588.82,33501.1484375,35855.71484375,36434.3671875,36604.3515625,36747.03125,38051.8828125
2016-08-18,28777.518,32583.849609375,34840.55078125,35379.73828125,35541.78125,35680.6640625,36873.73828125
2016-08-19,28215.424,31951.513671875,34033.30078125,34492.16015625,34632.1953125,34754.76953125,35886.80859375
2016-08-20,27583.752,31406.25390625,33480.5234375,33858.03515625,33959.0703125,34047.16796875,35102.6484375
2016-08-21,26606.94,30426.658203125,32750.705078125,33195.41015625,33306.578125,33400.125,34427.9609375
2016-08-22,25534.842,29116.943359375,31558.630859375,32160.125,32334.837890625,32477.685546875,33597.48828125
2016-08-23,24663.613,28022.30078125,30226.30078125,30856.826171875,31044.109375,31198.775390625,32427.916015625
2016-08-24,23942.549,27272.53515625,29207.623046875,29679.212890625,29830.97265625,29961.83984375,31098.70703125
2016-08-25,23295.98,26516.228515625,28441.3046875,28816.435546875,28930.962890625,29030.830078125,29970.751953125
2016-08-26,22635.457,25671.9609375,27604.189453125,27995.966796875,28112.638671875,28210.583984375,29023.0546875
2016-08-27,21983.205,24845.94140625,26704.37890625,27122.388671875,27260.259765625,27374.55078125,28146.34375
2016-08-28,21295.217,24064.15234375,25838.763671875,26261.3515625,26386.404296875,26491.556640625,27273.78125
2016-08-29,20524.098,23205.18359375,24951.802734375,25376.623046875,25507.515625,25617.591796875,26372.546875
2016-08-30,19854.543,22352.7109375,24039.03515625,24472.455078125,24610.880859375,24723.28515625,25466.197265625
2016-08-31,19349.809,21685.787109375,23231.107421875,23620.037109375,23746.625,23852.84765625,24560.404296875
2016-09-01,18972.395,21308.8203125,22686.57421875,22948.9921875,23043.494140625,23123.890625,23732.318359375
2016-09-02,18809.031,21249.16015625,22528.33203125,22617.94921875,22665.490234375,22709.060546875,23148.662109375
2016-09-03,19397.482,22062.96875,22946.712890625,22763.85546875,22743.259765625,22735.234375,22964.197265625
2016-09-04,21226.344,24400.8984375,24677.31640625,23893.17578125,23707.650390625,23573.96484375,23413.52734375
2016-09-05,23300.686,26986.662109375,27615.703125,26410.015625,26054.58984375,25778.53125,25083.08984375
2016-09-06,24367.299,28558.765625,30268.18359375,29336.677734375,29008.46484375,28731.787109375,27908.77734375
2016-09-07,25241.512,28928.458984375,31278.771484375,31065.32421875,30941.96875,30822.62109375,30528.7265625
2016-09-08,27177.932,29555.94921875,31346.15625,31397.47265625,31398.408203125,31390.994140625,31687.935546875
2016-09-09,30433.576,31579.810546875,32180.109375,31830.0234375,31746.0859375,31689.81640625,31958.05859375
2016-09-10,33732.766,34817.9296875,34556.4453125,33583.90625,33314.0390625,33112.2890625,32818.32421875
2016-09-11,35613.938,37893.66796875,37758.64453125,36576.296875,36210.83984375,35919.52734375,35087.046875
2016-09-12,36765.965,40103.14453125,40564.21484375,39607.32421875,39291.25390625,39032.58984375,38174.41015625
2016-09-13,38360.824,42128.1015625,43026.20703125,42185.6171875,41919.25390625,41706.68359375,41039.03515625
2016-09-14,39571.285,43781.74609375,45526.19140625,44746.171875,44491.1328125,44285.234375,43680.3515625
2016-09-15,39012.52,43625.37890625,46577.0,46460.15625,46363.953125,46267.3984375,46026.99609375
2016-09-16,37358.918,41957.703125,45335.390625,45962.09765625,46102.9140625,46195.19140625,46693.0390625
2016-09-17,35271.18,39719.27734375,42956.69140625,43908.36328125,44173.8515625,44372.62890625,45375.9140625
2016-09-18,33007.273,37388.0078125,40389.6484375,41409.859375,41708.34375,41935.06640625,43111.828125
2016-09-19,30812.47,35187.8125,37990.78125,38966.00390625,39254.05078125,39473.41015625,40663.5703125
2016-09-20,28912.893,33312.5703125,35950.01953125,36814.94140625,37067.8515625,37263.421875,38371.1171875
2016-09-21,27557.465,31754.66796875,34284.90625,35042.8984375,35258.3046875,35424.26953125,36426.66796875
2016-09-22,27372.488,31022.283203125,33178.90625,33715.38671875,33869.51171875,33993.15625,34872.7890625
2016-09-23,28724.633,32147.87109375,33590.8828125,33475.7109375,33451.96875,33440.6875,33929.26171875
2016-09-24,29923.592,33988.94921875,35810.1171875,35077.40234375,34833.6015625,34643.9765625,34388.265625
2016-09-25,30250.553,34625.390625,37568.08203125,37194.8046875,36999.2421875,36821.81640625,36332.9453125
2016-09-26,30456.291,34788.609375,37784.921875,38004.12109375,37981.921875,37941.73046875,37948.61328125
2016-09-27,31376.861,35727.0703125,37980.234375,38177.00390625,38168.609375,38152.75390625,38446.828125
2016-09-28,33144.805,37207.1640625,39187.48828125,39097.66796875,38987.140625,38891.8828125,39029.7265625
2016-09-29,35398.46,38627.61328125,40447.95703125,40387.44140625,40267.69140625,40157.09765625,40279.59375
2016-09-30,38175.484,40692.203125,41898.66796875,41709.2265625,41570.09375,41446.359375,41590.6796875
2016-10-01,40392.902,43039.67578125,43965.65234375,43632.9765625,43434.58203125,43262.046875,43242.671875
2016-10-02,40684.91,44208.57421875,45632.62890625,45589.5625,45442.7578125,45299.02734375,45371.8828125
2016-10-03,39200.727,43510.40234375,45738.1484375,46281.453125,46303.93359375,46288.09375,46890.97265625
2016-10-04,36981.652,41545.0546875,44293.93359375,45323.859375,45509.48046875,45625.6015625,46827.88671875
2016-10-05,34633.023,39162.66015625,42053.140625,43310.48046875,43584.39453125,43776.640625,45336.7109375
2016-10-06,32231.432,36701.76953125,39598.7421875,40921.9609375,41226.38671875,41445.5703125,43135.2578125
2016-10-07,29942.693,34259.9453125,37119.2265625,38456.31640625,38771.50390625,38999.47265625,40720.88671875
2016-10-08,28008.775,32037.94921875,34747.62109375,36043.46875,36353.6171875,36577.51171875,38279.5
2016-10-09,26473.715,30217.458984375,32672.1484375,33857.07421875,34142.26953125,34350.546875,35967.7890625
2016-10-10,25308.502,28913.427734375,31051.037109375,32074.490234375,32313.3125,32485.478515625,33961.83203125
2016-10-11,24624.441,28719.037109375,30195.134765625,30916.19140625,31077.09765625,31190.572265625,32454.830078125
2016-10-12,24686.742,30322.896484375,30830.705078125,30928.27734375,30923.80859375,30917.806640625,31797.3203125
2016-10-13,25947.486,35619.7734375,34356.4921875,33177.58984375,32833.5546875,32575.146484375,32688.94921875
2016-10-14,27807.22,38670.9140625,39827.37109375,38365.0546875,37793.328125,37312.4296875,36375.92578125
2016-10-15,29270.371,37714.359375,41508.84375,41576.40625,41425.640625,41248.61328125,41076.49609375
2016-10-16,30701.982,36491.91015625,40557.80078125,41341.359375,41484.0234375,41563.67578125,42564.6875
2016-10-17,32599.854,36412.7109375,39424.53515625,40150.1484375,40320.49609375,40437.44921875,41707.51171875
2016-10-18,34584.23,37422.671875,39242.51171875,39567.2578125,39635.32421875,39677.9921875,40662.0078125
2016-10-19,35754.63,38591.8359375,39906.58203125,39956.9375,39930.609375,39895.53515625,40469.95703125
2016-10-20,35547.49,38893.4765625,40421.40234375,40586.98046875,40573.71484375,40539.99609375,40985.93359375
2016-10-21,34091.207,37957.265625,39975.28125,40505.34765625,40594.41796875,40637.46484375,41303.64453125
2016-10-22,31839.703,36030.83203125,38469.140625,39366.6171875,39572.8515625,39710.55078125,40727.5390625
2016-10-23,29259.924,33553.5,36229.3515625,37378.4453125,37670.40625,37878.69921875,39186.296875
2016-10-24,26705.912,30928.513671875,33660.125,34924.39453125,35261.1875,35508.328125,36981.6640625
2016-10-25,24376.492,28427.82421875,31099.931640625,32363.89453125,32709.841796875,32967.53515625,34487.40625
2016-10-26,22347.031,26167.076171875,28737.271484375,29936.814453125,30268.833984375,30517.169921875,31997.28125
2016-10-27,20626.79,24182.296875,26614.671875,27733.041015625,28042.9296875,28275.181640625,29676.697265625
2016-10-28,19193.725,22489.232421875,24747.328125,25783.982421875,26077.333984375,26296.796875,27603.712890625
2016-10-29,18004.934,21059.486328125,23138.171875,24082.4296875,24350.478515625,24549.546875,25790.267578125
2016-10-30,17027.764,19848.095703125,21756.859375,22604.27734375,22842.6015625,23018.56640625,24182.310546875
2016-10-31,16215.899,18821.427734375,20568.14453125,21329.63671875,21542.251953125,21698.986328125,22774.2890625
2016-11-01,15548.541,17955.548828125,19549.8671875,20235.302734375,20425.94921875,20565.943359375,21551.955078125
2016-11-02,15023.071,17245.796875,18698.88671875,19318.3046875,19486.12890625,19608.193359375,20515.34375
2016-11-03,14600.7295,16667.76171875,17997.509765625,18556.494140625,18703.15234375,18808.751953125,19654.34765625
2016-11-04,14238.652,16181.5048828125,17409.763671875,17916.119140625,18045.73046875,18138.107421875,18939.630859375
2016-11-05,13914.517,15758.556640625,16904.49609375,17368.853515625,17486.076171875,17570.072265625,18337.892578125
2016-11-06,13616.443,15379.64453125,16459.6328125,16891.28515625,16999.275390625,17077.138671875,17814.93359375
2016-11-07,13331.709,15023.7509765625,16052.2763671875,16458.484375,16558.818359375,16630.34375,17339.234375
2016-11-08,13049.356,14680.431640625,15668.9267578125,16055.0224609375,16149.5126953125,16216.0244140625,16894.8828125
2016-11-09,12759.39,14343.9140625,15305.013671875,15675.5390625,15765.8779296875,15829.349609375,16479.986328125
2016-11-10,12452.604,14003.0185546875,14950.7890625,15311.6640625,15399.548828125,15461.46484375,16089.6796875
2016-11-11,12120.552,13646.287109375,14594.6201171875,14951.494140625,15038.41015625,15099.525390625,15710.900390625
2016-11-12,11761.952,13266.1142578125,14225.1337890625,14584.5732421875,14672.439453125,14734.455078125,15335.3046875
2016-11-13,11394.067,12869.9970703125,13832.9716796875,14200.32421875,14291.0029296875,14355.45703125,14952.8095703125
2016-11-14,11040.452,12481.3662109375,13425.30859375,13796.505859375,13889.783203125,13956.748046875,14553.03515625
2016-11-15,10713.697,12126.8828125,13032.7060546875,13391.1640625,13483.193359375,13550.0478515625,14138.580078125
2016-11-16,10409.462,11810.35546875,12686.6513671875,13015.6298828125,13100.8916015625,13163.2021484375,13729.1474609375
2016-11-17,10118.715,11501.7890625,12381.2509765625,12685.1279296875,12762.5712890625,12818.787109375,13350.765625
2016-11-18,9844.997,11179.4677734375,12076.0048828125,12377.3330078125,12452.48828125,12506.5185546875,13012.083984375
2016-11-19,9603.044,10858.8662109375,11748.3095703125,12058.724609375,12136.5751953125,12192.5615234375,12690.34375
2016-11-20,9404.181,10567.408203125,11413.5634765625,11724.638671875,11804.458984375,11862.5341796875,12359.71875
2016-11-21,9241.608,10319.474609375,11098.38671875,11395.486328125,11473.19140625,11530.3955078125,12019.5146484375
2016-11-22,9089.301,10112.8359375,10819.7216796875,11092.4375,11164.296875,11217.5302734375,11687.19140625
2016-11-23,8919.035,9927.1708984375,10579.6845703125,10826.6162109375,10891.1513671875,10938.8330078125,11380.130859375
2016-11-24,8715.755,9729.890625,10360.5732421875,10592.43359375,10651.59765625,10694.7333984375,11107.5361328125
2016-11-25,8481.967,9500.134765625,10135.244140625,10368.3076171875,10426.6181640625,10468.6650390625,10863.1728515625
2016-11-26,8232.8955,9240.64453125,9885.412109375,10130.9609375,10192.4560546875,10236.744140625,10627.6611328125
2016-11-27,7988.272,8969.921875,9612.4189453125,9870.697265625,9936.7880859375,9984.8720703125,10380.7958984375
2016-11-28,7761.4663,8707.142578125,9332.0126953125,9593.873046875,9662.6201171875,9713.318359375,10114.7431640625
2016-11-29,7554.8555,8461.1298828125,9060.81640625,9316.3896484375,9384.7109375,9435.6181640625,9834.8876953125
2016-11-30,7362.593,8234.0966796875,8806.220703125,9050.0478515625,9115.744140625,9164.9892578125,9554.3798828125
2016-12-01,7178.1074,8027.4501953125,8570.43359375,8799.0517578125,8860.4189453125,8906.21484375,9281.0517578125
2016-12-02,6996.998,7839.5029296875,8355.1513671875,8564.69140625,8621.5009765625,8663.9345703125,9017.9462890625
2016-12-03,6817.109,7664.4755859375,8159.21826171875,8349.546875,8401.884765625,8441.140625,8771.0888671875
2016-12-04,6640.6133,7497.74951171875,7977.9931640625,8152.564453125,8200.8857421875,8236.90625,8542.3525390625
2016-12-05,6473.936,7338.3955078125,7807.7666015625,7970.5478515625,8015.716796875,8049.15673828125,8331.166015625
2016-12-06,6322.047,7182.189453125,7646.1162109375,7800.39208984375,7843.25146484375,7874.8876953125,8136.6396484375
2016-12-07,6186.3965,7018.9736328125,7488.68701171875,7638.2607421875,7679.662109375,7710.171875,7955.51220703125
2016-12-08,6067.998,6849.0732421875,7328.39404296875,7478.33642578125,7519.5830078125,7549.86865234375,7783.443359375
2016-12-09,5966.4043,6686.193359375,7162.60546875,7314.92236328125,7357.0126953125,7387.8603515625,7614.93701171875
2016-12-10,5875.7773,6540.9814453125,6996.8095703125,7148.23681640625,7190.80712890625,7222.21630859375,7445.45751953125
2016-12-11,5783.6074,6413.1640625,6838.9326171875,6984.33447265625,7025.96484375,7056.95751953125,7274.80810546875
2016-12-12,5676.137,6292.88232421875,6692.15478515625,6829.0849609375,6868.607421875,6898.13916015625,7107.02783203125
2016-12-13,5549.0005,6168.01904296875,6552.248046875,6683.173828125,6720.68896484375,6748.60107421875,6946.8671875
2016-12-14,5409.7256,6032.8212890625,6411.94189453125,6542.1123046875,6578.935546875,6606.1220703125,6795.40625
2016-12-15,5271.4355,5889.572265625,6266.30810546875,6399.419921875,6436.8857421875,6464.4150390625,6649.18408203125
2016-12-16,5144.1733,5745.6357421875,6116.49365234375,6252.0380859375,6290.57666015625,6319.05517578125,6503.2666015625
2016-12-17,5032.1865,5608.6767578125,5968.6123046875,6102.50390625,6141.25390625,6170.04443359375,6353.7001953125
2016-12-18,4934.96,5484.48046875,5830.1845703125,5956.88818359375,5994.36669921875,6022.40283203125,6202.35009765625
2016-12-19,4848.5244,5375.2646484375,5706.896484375,5821.99072265625,5856.65478515625,5882.728515625,6054.40576171875
2016-12-20,4766.5376,5278.1591796875,5598.97119140625,5701.6181640625,5732.7431640625,5756.193359375,5915.63720703125
2016-12-21,4685.2637,5190.6669921875,5502.89111328125,5595.447265625,5623.380859375,5644.37109375,5790.263671875
2016-12-22,4602.38,5111.064453125,5414.53076171875,5499.994140625,5525.45556640625,5544.2431640625,5677.80078125
2016-12-23,4516.149,5032.99658203125,5329.95849609375,5410.99609375,5434.8935546875,5452.248046875,5576.42626953125
2016-12-24,4428.6846,4950.04150390625,5246.60693359375,5325.6708984375,5348.744140625,5365.3935546875,5482.69775390625
2016-12-25,4342.675,4860.61474609375,5161.767578125,5241.34619140625,5264.3212890625,5280.76123046875,5393.7802734375
2016-12-26,4259.789,4768.884765625,5073.46142578125,5155.20947265625,5178.74072265625,5195.6748046875,5307.03466796875
2016-12-27,4182.371,4684.974609375,4984.25,5067.12060546875,5091.3740234375,5108.962890625,5219.60107421875
2016-12-28,4112.0176,4618.25244140625,4899.318359375,4978.80322265625,5002.86181640625,5020.5849609375,5130.74169921875
2016-12-29,4050.914,4570.43212890625,4827.15234375,4896.03759765625,4917.95947265625,4934.169921875,5040.88525390625
2016-12-30,4001.6763,4527.90966796875,4772.65185546875,4826.94677734375,4844.95556640625,4858.380859375,4955.234375
2016-12-31,3964.9685,4474.5556640625,4727.04296875,4772.15576171875,4786.48583984375,4796.8095703125,4880.58251953125
